﻿<?xml version="1.0" encoding="utf-8" ?>
<resources>
  <!-- General colors -->
  <color name="colorPrimary">#00695f</color>
  <color name="colorPrimaryDark">#009688</color>
  <color name="colorAccent">#d81b60</color>

  <color name="white">#FFFFFF</color>
  <color name="light_gray">#EFF2F5</color>
  <color name="med_gray">#C7D2DC</color>
  <color name="gray">#5C7082</color>
  <color name="dark_gray">#FF2B343D</color>
  <color name="black">#0D131A</color>
  <color name="text_gray">#5A6570</color>
</resources>