﻿<resources>

    <!-- Standard dimensions -->

    <dimen name="margin_tiny">4dp</dimen>
    <dimen name="margin_small">8dp</dimen>
    <dimen name="margin_medium">16dp</dimen>
    <dimen name="margin_large">32dp</dimen>
    <dimen name="margin_huge">64dp</dimen>

    <dimen name="element_margin_smallest">1dp</dimen>
    <dimen name="element_margin_tinier">3dp</dimen>
    <dimen name="element_margin_tiny">5dp</dimen>
    <dimen name="element_margin_small">10dp</dimen>
    <dimen name="element_margin_medium">15dp</dimen>
    <dimen name="element_margin_large">20dp</dimen>
    <dimen name="element_margin_huge">25dp</dimen>

    <dimen name="fragment_player_picture_hight">320dp</dimen>

    <!-- font definitions -->

    <dimen name="text_tinier">11sp</dimen>
    <dimen name="text_tiny">13sp</dimen>
    <dimen name="text_small">14sp</dimen>
    <dimen name="text_medium">15sp</dimen>
    <dimen name="text_large">16sp</dimen>
    <dimen name="text_huge">17sp</dimen>
    <dimen name="text_very_huge">18sp</dimen>
</resources>