﻿<?xml version="1.0" encoding="utf-8"?>
<manifest package="org.tizen.example.Xamarin.CommunityToolkit.Sample.Tizen" version="1.0.0" api-version="4" xmlns="http://tizen.org/ns/packages">
    <profile name="common" />
    <ui-application appid="org.tizen.example.Xamarin.CommunityToolkit.Sample.Tizen" exec="Xamarin.CommunityToolkit.Sample.Tizen.dll" multiple="false" nodisplay="false" taskmanage="true" type="dotnet" launch_mode="single">
        <label>Xamarin.CommunityToolkit.Sample.Tizen</label>
        <icon>ic_splash.png</icon>
        <metadata key="http://tizen.org/metadata/prefer_dotnet_aot" value="true" />
        <splash-screens />
    </ui-application>
    <shortcut-list />
    <privileges>
        <privilege>http://tizen.org/privilege/internet</privilege>
        <privilege>http://tizen.org/privilege/camera</privilege>
        <privilege>http://tizen.org/privilege/externalstorage</privilege>
        <privilege>http://tizen.org/privilege/externalstorage.appdata</privilege>
        <privilege>http://tizen.org/privilege/systemsettings</privilege>
    </privileges>
    <dependencies />
    <provides-appdefined-privileges />
</manifest>
