﻿<?xml version="1.0" encoding="utf-8" ?>
<resources>
  <!--
        Base application theme for API 21+. This theme completely replaces
        AppTheme from BOTH res/values/styles.xml on API 21+ devices.
    -->
  <style name="AppTheme" parent="AppTheme.Base">

    <item name="android:statusBarColor">@android:color/transparent</item>
    <item name="android:windowDrawsSystemBarBackgrounds">true</item>

    <item name="android:windowTranslucentStatus">true</item>
    <!---
        <item name="android:windowTranslucentNavigation">true</item>
        -->

    <item name="android:windowContentTransitions">true</item>
    <item name="android:windowAllowEnterTransitionOverlap">true</item>
    <item name="android:windowAllowReturnTransitionOverlap">true</item>
    <item name="android:windowSharedElementEnterTransition">@android:transition/move</item>
    <item name="android:windowSharedElementExitTransition">@android:transition/move</item>
  </style>
</resources>